The top 10 futures contracts on individual securities traded are as under:                          
S No      ,Symbol    ,Exp Date  ,Traded Value (Rs.)  ,No of Contracts  
1         ,RELIANCE  ,28/10/2021,    33372055413.00,            52994
2         ,RELIANCE  ,30/09/2021,    26707254038.00,            42525
3         ,SBIN      ,28/10/2021,    21261659550.00,            30941
4         ,TATASTEEL ,28/10/2021,    31365962328.00,            28352
5         ,ICICIBANK ,28/10/2021,    22864945469.00,            23462
6         ,INFY      ,28/10/2021,    23499855120.00,            23376
7         ,HDFCBANK  ,28/10/2021,    19867758103.00,            22571
8         ,ITC       ,28/10/2021,    15958466240.00,            20915
9         ,BHARTIARTL,28/10/2021,    27516619013.00,            20843
10        ,BAJFINANCE,28/10/2021,    18718945338.00,            19585
The top ten contracts contributed to around  15% of the total traded volume in Futures on individual securities.RELIANCE was the most active future contracts on individual securities traded today with 95981 contracts and SBIN was the next most active futures contracts with 50315 contracts being traded.                                                                                                                                                                                                     
