The top 10 futures contracts on individual securities traded are as under:                          
S No      ,Symbol    ,Exp Date  ,Traded Value (Rs.)  ,No of Contracts  
1         ,RELIANCE  ,28/10/2021,    18821765288.00,            29397
2         ,TATASTEEL ,28/10/2021,    23738918830.00,            21271
3         ,DIVISLAB  ,28/10/2021,    16737569730.00,            16133
4         ,SBIN      ,28/10/2021,    10721654475.00,            15516
5         ,TATAPOWER ,28/10/2021,    16988499225.00,            14900
6         ,IRCTC     ,28/10/2021,    17648324606.00,            13663
7         ,TATAMOTORS,28/10/2021,    12565296885.00,            12889
8         ,PEL       ,28/10/2021,     9103242995.00,            11889
9         ,BAJFINANCE,28/10/2021,    11409170419.00,            11820
10        ,INFY      ,28/10/2021,    11265865860.00,            11267
The top ten contracts contributed to around  22% of the total traded volume in Futures on individual securities.RELIANCE was the most active future contracts on individual securities traded today with 30656 contracts and TATASTEEL was the next most active futures contracts with 21963 contracts being traded.                                                                                                                                                                                                     
