The top 10 futures contracts on individual securities traded are as under:                          
S No      ,Symbol    ,Exp Date  ,Traded Value (Rs.)  ,No of Contracts  
1         ,RELIANCE  ,28/10/2021,    22901225688.00,            35386
2         ,HDFCBANK  ,28/10/2021,    24439672153.00,            27553
3         ,IRCTC     ,28/10/2021,    36286814915.00,            25321
4         ,SBIN      ,28/10/2021,    16458552150.00,            23668
5         ,TATASTEEL ,28/10/2021,    20952252353.00,            18960
6         ,BAJFINANCE,28/10/2021,    17092129031.00,            17554
7         ,ICICIBANK ,28/10/2021,    14712598038.00,            15284
8         ,TATACHEM  ,28/10/2021,    14619219350.00,            15120
9         ,IBULHSGFIN,28/10/2021,    11588731550.00,            14981
10        ,TATAPOWER ,28/10/2021,    17310724988.00,            14474
The top ten contracts contributed to around  24% of the total traded volume in Futures on individual securities.RELIANCE was the most active future contracts on individual securities traded today with 36638 contracts and HDFCBANK was the next most active futures contracts with 28613 contracts being traded.                                                                                                                                                                                                     
