INSTRUMENT,SYMBOL    ,EXP_DATE  ,OPEN_PRICE ,HI_PRICE   ,LO_PRICE   ,CLOSE_PRICE,OPEN_INT*      ,TRD_VAL           ,TRD_QTY          ,NO_OF_CONT       ,NO_OF_TRADE      
FUTIDX    ,FINNIFTY  ,28/10/2021,00018433.00,00018586.80,00018280.05,00018330.95,000000000002080,       76638034.00,             4160,              104,              090
FUTIDX    ,FINNIFTY  ,25/11/2021,00018491.50,00018540.35,00018491.50,00018540.35,000000000000160,        1481274.00,              080,              002,              002
FUTIDX    ,NIFTY     ,28/10/2021,00017838.70,00017865.00,00017603.00,00017627.20,000000012842150,   182390467355.00,         10278600,           205572,           128741
FUTIDX    ,NIFTY     ,25/11/2021,00017851.60,00017895.00,00017641.40,00017662.95,000000000657500,     7267161967.50,           408500,             8170,             6101
FUTIDX    ,NIFTY     ,30/12/2021,00017889.50,00017931.00,00017681.50,00017699.05,000000000140550,     2516094537.50,           141100,             2822,             2211
FUTSTK    ,AARTIIND  ,28/10/2021,00001067.40,00001087.40,00001057.00,00001064.95,000000003027700,     3257639832.50,          3039600,             3576,             3236
FUTSTK    ,AARTIIND  ,25/11/2021,00001070.00,00001085.00,00001060.80,00001064.80,000000000120700,      146027832.50,           136000,              160,              158
FUTSTK    ,AARTIIND  ,30/12/2021,00001075.60,00001080.00,00001068.75,00001070.10,000000000018700,        9119607.50,             8500,              010,              010
FUTSTK    ,ABBOTINDIA,28/10/2021,00023399.95,00023770.90,00021899.95,00022184.70,000000000026450,      818104673.75,            36325,             1453,             1199
FUTSTK    ,ABBOTINDIA,25/11/2021,00023433.40,00023433.40,00022101.00,00022352.10,000000000001125,       18682852.50,              825,              033,              033
FUTSTK    ,ABBOTINDIA,30/12/2021,00023040.00,00023040.00,00022500.00,00022500.00,000000000000175,        1714281.25,              075,              003,              003
FUTSTK    ,ABFRL     ,28/10/2021,00000257.15,00000258.00,00000240.15,00000241.45,000000009318400,     1650145510.00,          6630000,             2550,             2341
FUTSTK    ,ABFRL     ,25/11/2021,00000258.25,00000258.25,00000241.50,00000242.35,000000000213200,       66913210.00,           267800,              103,              103
FUTSTK    ,ABFRL     ,30/12/2021,00000259.20,00000259.20,00000255.60,00000255.60,000000000039000,        1338480.00,             5200,              002,              002
FUTSTK    ,ACC       ,28/10/2021,00002268.75,00002282.00,00002205.00,00002212.40,000000003031000,     2236526775.00,           996500,             1993,             1863
FUTSTK    ,ACC       ,25/11/2021,00002277.00,00002279.30,00002213.25,00002224.50,000000000037500,       50512650.00,            22500,              045,              043
FUTSTK    ,ACC       ,30/12/2021,00002277.70,00002277.70,00002235.00,00002235.00,000000000005000,        2256350.00,             1000,              002,              002
FUTSTK    ,ADANIENT  ,28/10/2021,00001538.55,00001548.45,00001476.30,00001485.55,000000025333000,     8660019200.00,          5742000,             5742,             5176
FUTSTK    ,ADANIENT  ,25/11/2021,00001542.15,00001548.00,00001482.35,00001490.45,000000000396000,      347053800.00,           230000,              230,              223
FUTSTK    ,ADANIENT  ,30/12/2021,00001536.15,00001536.15,00001493.00,00001501.10,000000000021000,       34757050.00,            23000,              023,              023
FUTSTK    ,ADANIPORTS,28/10/2021,00000747.70,00000751.10,00000722.40,00000725.00,000000089701250,     5234101312.50,          7125000,             5700,             5020
FUTSTK    ,ADANIPORTS,25/11/2021,00000750.95,00000754.00,00000725.65,00000728.15,000000000872500,      304169250.00,           412500,              330,              315
FUTSTK    ,ADANIPORTS,30/12/2021,00000750.00,00000751.45,00000729.90,00000730.85,000000000093750,       43259187.50,            58750,              047,              044
FUTSTK    ,ALKEM     ,28/10/2021,00004002.05,00004002.05,00003922.20,00003947.70,000000000418000,      453639240.00,           114800,              574,              550
FUTSTK    ,ALKEM     ,25/11/2021,00003984.65,00003985.00,00003934.60,00003957.95,000000000008400,        8709590.00,             2200,              011,              010
FUTSTK    ,ALKEM     ,30/12/2021,00003990.30,00003990.30,00003990.30,00003990.30,000000000000600,         798060.00,              200,              001,              001
FUTSTK    ,AMARAJABAT,28/10/2021,00000768.15,00000773.55,00000749.25,00000752.65,000000008643000,     1763805600.00,          2321000,             2321,             2217
FUTSTK    ,AMARAJABAT,25/11/2021,00000773.55,00000774.95,00000749.25,00000752.20,000000000464000,      256122950.00,           337000,              337,              313
FUTSTK    ,AMARAJABAT,30/12/2021,00000776.00,00000776.00,00000755.65,00000756.35,000000000043000,       12956400.00,            17000,              017,              017
FUTSTK    ,AMBUJACEM ,28/10/2021,00000405.70,00000407.40,00000395.05,00000396.45,000000019494000,     2552499900.00,          6357000,             2119,             2028
FUTSTK    ,AMBUJACEM ,25/11/2021,00000406.65,00000408.15,00000396.50,00000397.50,000000000705000,      142002450.00,           354000,              118,              118
FUTSTK    ,AMBUJACEM ,30/12/2021,00000405.30,00000407.60,00000398.00,00000398.00,000000000030000,       18088200.00,            45000,              015,              015
FUTSTK    ,APLLTD    ,28/10/2021,00000787.95,00000795.85,00000778.60,00000780.65,000000002359500,      339908030.00,           431200,              784,              659
FUTSTK    ,APLLTD    ,25/11/2021,00000790.00,00000797.65,00000783.25,00000783.95,000000000078650,       14319057.50,            18150,              033,              031
FUTSTK    ,APLLTD    ,30/12/2021,00000794.60,00000794.60,00000783.00,00000783.00,000000000007150,        2178770.00,             2750,              005,              004
FUTSTK    ,APOLLOHOSP,28/10/2021,00004511.05,00004532.55,00004371.30,00004392.30,000000002658000,     4190500237.50,           947000,             3788,             3459
FUTSTK    ,APOLLOHOSP,25/11/2021,00004541.80,00004541.80,00004389.75,00004410.75,000000000060250,      156589337.50,            35250,              141,              139
FUTSTK    ,APOLLOHOSP,30/12/2021,00004493.30,00004493.30,00004442.95,00004442.95,000000000005250,       16728400.00,             3750,              015,              012
FUTSTK    ,APOLLOTYRE,28/10/2021,00000226.95,00000232.75,00000222.10,00000222.75,000000013280000,     1741416625.00,          7682500,             3073,             2755
FUTSTK    ,APOLLOTYRE,25/11/2021,00000227.90,00000233.00,00000223.30,00000223.50,000000000432500,       82364375.00,           362500,              145,              143
FUTSTK    ,APOLLOTYRE,30/12/2021,00000228.00,00000233.00,00000225.00,00000225.85,000000000037500,        7394125.00,            32500,              013,              012
FUTSTK    ,ASHOKLEY  ,28/10/2021,00000133.20,00000134.60,00000129.45,00000130.00,000000050584500,     2779172550.00,         21087000,             4686,             4164
FUTSTK    ,ASHOKLEY  ,25/11/2021,00000134.45,00000135.00,00000130.00,00000130.45,000000001476000,      123063525.00,           931500,              207,              203
FUTSTK    ,ASHOKLEY  ,30/12/2021,00000135.00,00000135.25,00000131.00,00000131.00,000000000157500,        6592275.00,            49500,              011,              011
FUTSTK    ,ASIANPAINT,28/10/2021,00003265.35,00003282.80,00003208.65,00003215.50,000000004049700,     3320159655.00,          1024500,             3415,             3256
FUTSTK    ,ASIANPAINT,25/11/2021,00003281.65,00003284.00,00003222.75,00003227.65,000000000117900,      197323350.00,            60600,              202,              195
FUTSTK    ,ASIANPAINT,30/12/2021,00003290.00,00003290.00,00003234.00,00003234.00,000000000010800,        9766815.00,             3000,              010,              010
FUTSTK    ,ASTRAL    ,28/10/2021,00002389.90,00002389.90,00002243.95,00002249.35,000000000677875,      875825032.50,           383350,             1394,             1273
FUTSTK    ,ASTRAL    ,25/11/2021,00002394.75,00002394.75,00002252.00,00002255.70,000000000018425,       19566030.00,             8525,              031,              028
FUTSTK    ,ASTRAL    ,30/12/2021,00002308.15,00002313.55,00002269.45,00002269.45,000000000001100,        1895066.25,              825,              003,              003
FUTSTK    ,AUBANK    ,28/10/2021,00001243.00,00001264.00,00001197.05,00001205.30,000000004664500,     5141979150.00,          4187000,             8374,             7513
FUTSTK    ,AUBANK    ,25/11/2021,00001247.50,00001265.00,00001200.00,00001207.80,000000000109000,      164026725.00,           133500,              267,              265
FUTSTK    ,AUBANK    ,30/12/2021,00001258.70,00001258.70,00001203.00,00001208.10,000000000012500,       36115425.00,            29500,              059,              055
FUTSTK    ,AUROPHARMA,28/10/2021,00000729.05,00000731.30,00000712.65,00000715.55,000000014297400,     1718122997.50,          2382900,             3666,             3339
FUTSTK    ,AUROPHARMA,25/11/2021,00000731.05,00000732.45,00000715.00,00000716.90,000000000551850,      123173797.50,           170300,              262,              247
FUTSTK    ,AUROPHARMA,30/12/2021,00000736.15,00000736.15,00000719.00,00000720.45,000000000054600,       18858222.50,            26000,              040,              038
FUTSTK    ,AXISBANK  ,28/10/2021,00000784.00,00000795.20,00000778.15,00000779.95,000000033176400,     8279110380.00,         10521600,             8768,             8244
FUTSTK    ,AXISBANK  ,25/11/2021,00000788.15,00000797.50,00000781.40,00000782.80,000000000330000,      152504880.00,           193200,              161,              158
FUTSTK    ,AXISBANK  ,30/12/2021,00000792.50,00000799.95,00000783.70,00000786.90,000000000064800,       21892260.00,            27600,              023,              023
FUTSTK    ,BAJAJ-AUTO,28/10/2021,00003872.30,00003887.50,00003761.85,00003771.95,000000002983000,     3518342487.50,           922000,             3688,             3390
FUTSTK    ,BAJAJ-AUTO,25/11/2021,00003899.00,00003899.00,00003778.55,00003785.50,000000000076250,      124202925.00,            32500,              130,              127
FUTSTK    ,BAJAJ-AUTO,30/12/2021,00003895.65,00003913.95,00003795.00,00003797.35,000000000006750,       23988537.50,             6250,              025,              025
FUTSTK    ,BAJAJFINSV,28/10/2021,00018009.00,00018185.80,00017601.70,00017637.40,000000000798075,     5989140142.50,           335325,             4471,             4159
FUTSTK    ,BAJAJFINSV,25/11/2021,00018099.00,00018200.00,00017665.70,00017696.65,000000000013125,      201613335.00,            11250,              150,              147
FUTSTK    ,BAJAJFINSV,30/12/2021,00018249.00,00018249.00,00017725.00,00017725.00,000000000002025,       10859066.25,              600,              008,              008
FUTSTK    ,BAJFINANCE,28/10/2021,00007838.30,00007899.00,00007692.75,00007739.30,000000004205375,    17092129031.25,          2194250,            17554,            15019
FUTSTK    ,BAJFINANCE,25/11/2021,00007874.05,00007917.45,00007724.25,00007757.45,000000000055375,      404714462.50,            51750,              414,              405
FUTSTK    ,BAJFINANCE,30/12/2021,00007940.30,00007940.35,00007760.55,00007784.50,000000000002375,       17621656.25,             2250,              018,              018
FUTSTK    ,BALKRISIND,28/10/2021,00002539.95,00002557.60,00002507.85,00002514.90,000000001545200,     1215756500.00,           479600,             1199,             1020
FUTSTK    ,BALKRISIND,25/11/2021,00002559.00,00002559.00,00002517.10,00002517.35,000000000018400,       18341160.00,             7200,              018,              017
FUTSTK    ,BALKRISIND,30/12/2021,00002542.05,00002542.05,00002542.05,00002542.05,000000000001200,        2033640.00,              800,              002,              002
FUTSTK    ,BANDHANBNK,28/10/2021,00000300.65,00000311.65,00000300.65,00000305.85,000000024130800,     4888393110.00,         15890400,             8828,             7791
FUTSTK    ,BANDHANBNK,25/11/2021,00000304.00,00000312.45,00000303.10,00000306.95,000000000682200,      144976140.00,           469800,              261,              259
FUTSTK    ,BANDHANBNK,30/12/2021,00000305.60,00000312.65,00000305.60,00000309.35,000000000050400,       17839260.00,            57600,              032,              032
FUTSTK    ,BANKBARODA,28/10/2021,00000084.10,00000086.25,00000082.15,00000082.55,000000161939700,     6103129500.00,         72528300,             6199,             5457
FUTSTK    ,BANKBARODA,25/11/2021,00000084.30,00000086.40,00000082.60,00000082.85,000000005417100,      284848200.00,          3381300,              289,              283
FUTSTK    ,BANKBARODA,30/12/2021,00000085.90,00000086.45,00000083.00,00000083.15,000000000526500,       74052225.00,           877500,              075,              074
FUTSTK    ,BATAINDIA ,28/10/2021,00001851.40,00001864.80,00001825.00,00001829.20,000000001818300,      994924920.00,           539550,              981,              927
FUTSTK    ,BATAINDIA ,25/11/2021,00001855.00,00001857.05,00001832.45,00001833.05,000000000026400,       11144980.00,             6050,              011,              011
FUTSTK    ,BATAINDIA ,30/12/2021,00001847.25,00001847.25,00001845.15,00001846.20,000000000002750,        3046807.50,             1650,              003,              003
FUTSTK    ,BEL       ,28/10/2021,00000205.80,00000208.95,00000198.50,00000199.65,000000026220000,     1796381410.00,          8861600,             2332,             2115
FUTSTK    ,BEL       ,25/11/2021,00000206.90,00000208.80,00000198.80,00000199.65,000000000775200,       58199090.00,           288800,              076,              076
FUTSTK    ,BEL       ,30/12/2021,00000208.95,00000208.95,00000200.00,00000200.45,000000000041800,       13076940.00,            64600,              017,              017
FUTSTK    ,BERGEPAINT,28/10/2021,00000829.00,00000833.55,00000817.25,00000821.25,000000004545200,      533908100.00,           646800,              588,              577
FUTSTK    ,BERGEPAINT,25/11/2021,00000833.00,00000836.00,00000822.75,00000823.35,000000000105600,       20071645.00,            24200,              022,              022
FUTSTK    ,BERGEPAINT,30/12/2021,00000826.00,00000826.00,00000826.00,00000826.00,000000000001100,         908600.00,             1100,              001,              001
FUTSTK    ,BHARATFORG,28/10/2021,00000727.00,00000735.50,00000718.85,00000724.35,000000011470500,     3991556550.00,          5481000,             3654,             3370
FUTSTK    ,BHARATFORG,25/11/2021,00000730.65,00000737.15,00000721.15,00000726.70,000000000349500,      158619150.00,           217500,              145,              145
FUTSTK    ,BHARATFORG,30/12/2021,00000733.65,00000738.95,00000725.00,00000729.00,000000000100500,       39554250.00,            54000,              036,              036
FUTSTK    ,BHARTIARTL,28/10/2021,00000704.00,00000708.40,00000691.05,00000693.90,000000073908568,    13018146401.90,         18637452,             9882,             8693
FUTSTK    ,BHARTIARTL,25/11/2021,00000706.85,00000710.95,00000693.65,00000695.15,000000001091994,      356583096.70,           509220,              270,              264
FUTSTK    ,BHARTIARTL,30/12/2021,00000710.45,00000711.25,00000696.90,00000699.20,000000000130134,       54543591.50,            77326,              041,              038
FUTSTK    ,BHEL      ,28/10/2021,00000066.90,00000067.30,00000062.75,00000063.35,000000113463000,     2931514950.00,         45370500,             4321,             3832
FUTSTK    ,BHEL      ,25/11/2021,00000067.30,00000067.40,00000063.00,00000063.55,000000005271000,      194378625.00,          2982000,              284,              247
FUTSTK    ,BHEL      ,30/12/2021,00000065.80,00000065.80,00000063.60,00000063.60,000000000420000,       12220425.00,           189000,              018,              018
FUTSTK    ,BIOCON    ,28/10/2021,00000364.45,00000364.80,00000356.00,00000356.75,000000017054500,     1080052745.00,          2996900,             1303,             1143
FUTSTK    ,BIOCON    ,25/11/2021,00000365.15,00000366.20,00000357.90,00000358.15,000000000499100,       54857645.00,           151800,              066,              065
FUTSTK    ,BIOCON    ,30/12/2021,00000364.00,00000364.00,00000360.00,00000360.00,000000000025300,        6646310.00,            18400,              008,              008
FUTSTK    ,BOSCHLTD  ,28/10/2021,00015625.05,00017440.00,00015559.80,00017311.15,000000000176150,     9240453615.00,           547750,            10955,             9714
FUTSTK    ,BOSCHLTD  ,25/11/2021,00015885.40,00017469.35,00015885.40,00017322.50,000000000006200,      269498490.00,            15950,              319,              294
FUTSTK    ,BOSCHLTD  ,30/12/2021,00016889.70,00017526.80,00016780.00,00017504.65,000000000000350,       12884040.00,              750,              015,              015
FUTSTK    ,BPCL      ,28/10/2021,00000449.00,00000452.75,00000445.75,00000447.50,000000037504800,     4453387110.00,          9910800,             5506,             4791
FUTSTK    ,BPCL      ,25/11/2021,00000447.30,00000452.65,00000445.90,00000447.05,000000001431000,      204687270.00,           455400,              253,              249
FUTSTK    ,BPCL      ,30/12/2021,00000451.85,00000452.90,00000449.00,00000449.00,000000000046800,        5685660.00,            12600,              007,              007
FUTSTK    ,BRITANNIA ,28/10/2021,00003911.00,00004002.00,00003887.75,00003939.35,000000001100000,     2600622780.00,           657000,             3285,             3011
FUTSTK    ,BRITANNIA ,25/11/2021,00003933.35,00004008.65,00003921.45,00003945.20,000000000013200,       27792010.00,             7000,              035,              035
FUTSTK    ,BRITANNIA ,30/12/2021,00003980.40,00004020.00,00003980.40,00004020.00,000000000000400,        2397880.00,              600,              003,              003
FUTSTK    ,CADILAHC  ,28/10/2021,00000565.30,00000567.05,00000548.15,00000550.60,000000017263400,     2357150950.00,          4230600,             1923,             1879
FUTSTK    ,CADILAHC  ,25/11/2021,00000567.80,00000568.50,00000550.80,00000552.30,000000000866800,      178925780.00,           319000,              145,              142
FUTSTK    ,CADILAHC  ,30/12/2021,00000566.00,00000566.00,00000555.00,00000555.00,000000000077000,       21060600.00,            37400,              017,              017
FUTSTK    ,CANBK     ,28/10/2021,00000181.05,00000184.20,00000173.55,00000174.95,000000078840000,     6657910020.00,         37249200,             6898,             5998
FUTSTK    ,CANBK     ,25/11/2021,00000181.25,00000184.35,00000174.30,00000174.95,000000003834000,      445592070.00,          2494800,              462,              393
FUTSTK    ,CANBK     ,30/12/2021,00000183.10,00000184.95,00000175.05,00000175.80,000000000329400,       46404630.00,           259200,              048,              048
FUTSTK    ,CANFINHOME,28/10/2021,00000705.00,00000712.70,00000670.00,00000672.55,000000004407975,     1669083097.50,          2424825,             2487,             2319
FUTSTK    ,CANFINHOME,25/11/2021,00000710.10,00000713.60,00000673.85,00000675.90,000000000081900,       44380683.75,            64350,              066,              066
FUTSTK    ,CANFINHOME,30/12/2021,00000701.70,00000701.70,00000701.70,00000701.70,000000000004875,         684157.50,              975,              001,              001
FUTSTK    ,CHOLAFIN  ,28/10/2021,00000563.05,00000584.70,00000559.35,00000561.50,000000011526250,     2642562937.50,          4622500,             3698,             3341
FUTSTK    ,CHOLAFIN  ,25/11/2021,00000569.80,00000585.50,00000561.30,00000562.85,000000000092500,      109556500.00,           191250,              153,              141
FUTSTK    ,CHOLAFIN  ,30/12/2021,00000575.00,00000575.00,00000571.00,00000571.00,000000000002500,        2148687.50,             3750,              003,              003
FUTSTK    ,CIPLA     ,28/10/2021,00000937.60,00000940.65,00000912.90,00000914.65,000000010214100,     3157774555.00,          3409250,             5245,             4863
FUTSTK    ,CIPLA     ,25/11/2021,00000941.65,00000943.20,00000916.80,00000918.05,000000000167700,       94320427.50,           101400,              156,              155
FUTSTK    ,CIPLA     ,30/12/2021,00000943.90,00000943.90,00000921.00,00000921.20,000000000040950,       22920105.00,            24700,              038,              037
FUTSTK    ,COALINDIA ,28/10/2021,00000200.35,00000203.95,00000192.30,00000193.25,000000059148600,     9136766940.00,         46221000,            11005,            10182
FUTSTK    ,COALINDIA ,25/11/2021,00000202.00,00000203.70,00000192.30,00000193.10,000000002805600,      618112320.00,          3141600,              748,              731
FUTSTK    ,COALINDIA ,30/12/2021,00000202.55,00000203.75,00000192.45,00000193.30,000000000399000,       60519690.00,           306600,              073,              073
FUTSTK    ,COLPAL    ,28/10/2021,00001686.50,00001703.90,00001678.60,00001682.35,000000002415700,     1009510845.00,           596400,             1704,             1520
FUTSTK    ,COLPAL    ,25/11/2021,00001688.00,00001702.00,00001678.00,00001680.45,000000000103950,       57933872.50,            34300,              098,              097
FUTSTK    ,COLPAL    ,30/12/2021,00001695.00,00001700.00,00001695.00,00001699.00,000000000002450,        3567550.00,             2100,              006,              006
FUTSTK    ,CONCOR    ,28/10/2021,00000712.70,00000716.00,00000695.00,00000696.80,000000006827184,     1192507964.85,          1694292,             1084,             1017
FUTSTK    ,CONCOR    ,25/11/2021,00000712.00,00000712.60,00000696.90,00000698.00,000000000314163,       26421733.50,            37512,              024,              024
FUTSTK    ,CONCOR    ,30/12/2021,00000709.00,00000709.00,00000709.00,00000709.00,000000000014067,        1108167.00,             1563,              001,              001
FUTSTK    ,COROMANDEL,28/10/2021,00000834.95,00000865.85,00000831.55,00000858.15,000000002070625,     1698766468.75,          2000625,             3201,             2929
FUTSTK    ,COROMANDEL,25/11/2021,00000836.40,00000868.00,00000836.40,00000863.55,000000000045625,       44171062.50,            51875,              083,              082
FUTSTK    ,COROMANDEL,30/12/2021,00000850.00,00000870.00,00000844.30,00000865.00,000000000003125,        2669125.00,             3125,              005,              005
FUTSTK    ,CROMPTON  ,28/10/2021,00000487.35,00000497.65,00000474.00,00000477.60,000000000977900,      467744200.00,           959200,              872,              839
FUTSTK    ,CROMPTON  ,25/11/2021,00000486.85,00000498.10,00000480.00,00000481.00,000000000033000,        9690615.00,            19800,              018,              018
FUTSTK    ,CROMPTON  ,30/12/2021,00000481.00,00000481.00,00000481.00,00000481.00,000000000004400,         529100.00,             1100,              001,              001
FUTSTK    ,CUB       ,28/10/2021,00000159.00,00000165.40,00000158.70,00000159.50,000000008044500,     1035082095.00,          6376700,             2057,             1855
FUTSTK    ,CUB       ,25/11/2021,00000161.05,00000165.80,00000159.65,00000160.20,000000000279000,       58560395.00,           359600,              116,              115
FUTSTK    ,CUB       ,30/12/2021,00000165.50,00000165.50,00000160.35,00000161.05,000000000077500,        4027830.00,            24800,              008,              007
FUTSTK    ,CUMMINSIND,28/10/2021,00000911.70,00000917.00,00000880.95,00000884.65,000000002494200,     1384564140.00,          1534800,             2558,             2385
FUTSTK    ,CUMMINSIND,25/11/2021,00000910.05,00000918.15,00000882.65,00000887.15,000000000125400,       97804200.00,           108000,              180,              174
FUTSTK    ,CUMMINSIND,30/12/2021,00000917.55,00000920.40,00000891.60,00000891.60,000000000024000,        8157930.00,             9000,              015,              014
FUTSTK    ,DABUR     ,28/10/2021,00000619.30,00000625.85,00000616.65,00000617.60,000000010990000,     1474489500.00,          2373750,             1899,             1814
FUTSTK    ,DABUR     ,25/11/2021,00000619.65,00000626.00,00000617.65,00000618.65,000000000247500,       69991312.50,           112500,              090,              087
FUTSTK    ,DABUR     ,30/12/2021,00000624.35,00000626.90,00000620.00,00000620.00,000000000018750,       11675312.50,            18750,              015,              015
FUTSTK    ,DALBHARAT ,28/10/2021,00002072.50,00002154.00,00002061.05,00002101.00,000000000274250,      893600362.50,           423500,             1694,             1587
FUTSTK    ,DALBHARAT ,25/11/2021,00002100.55,00002152.55,00002072.30,00002105.00,000000000009000,       13156325.00,             6250,              025,              025
FUTSTK    ,DALBHARAT ,30/12/2021,00002085.00,00002085.00,00002085.00,00002085.00,000000000003000,         521250.00,              250,              001,              001
FUTSTK    ,DEEPAKNTR ,28/10/2021,00002693.10,00002940.00,00002692.05,00002897.30,000000002762500,    15726823550.00,          5539000,            11078,            10427
FUTSTK    ,DEEPAKNTR ,25/11/2021,00002716.40,00002945.00,00002705.05,00002907.55,000000000081000,      443266875.00,           156000,              312,              303
FUTSTK    ,DEEPAKNTR ,30/12/2021,00002744.00,00002926.85,00002726.00,00002914.00,000000000007000,       12745525.00,             4500,              009,              009
FUTSTK    ,DELTACORP ,28/10/2021,00000272.70,00000280.90,00000263.55,00000264.90,000000010637500,     2849504615.00,         10485700,             4559,             4265
FUTSTK    ,DELTACORP ,25/11/2021,00000271.80,00000281.75,00000264.55,00000266.15,000000000202400,       74359115.00,           273700,              119,              118
FUTSTK    ,DELTACORP ,30/12/2021,00000270.85,00000280.00,00000267.00,00000267.00,000000000080500,        9443570.00,            34500,              015,              015
FUTSTK    ,DIVISLAB  ,28/10/2021,00005228.50,00005231.90,00005138.10,00005156.75,000000002170000,     3177090980.00,           613200,             3066,             2792
FUTSTK    ,DIVISLAB  ,25/11/2021,00005216.00,00005220.30,00005160.85,00005173.10,000000000056800,      103895220.00,            20000,              100,              077
FUTSTK    ,DIVISLAB  ,30/12/2021,00005243.70,00005243.70,00005180.00,00005189.00,000000000003800,       10441350.00,             2000,              010,              010
FUTSTK    ,DIXON     ,28/10/2021,00004870.05,00004988.00,00004761.65,00004851.75,000000000406875,     1652869593.75,           337375,             2699,             2560
FUTSTK    ,DIXON     ,25/11/2021,00004908.35,00004995.00,00004850.00,00004866.40,000000000011875,       36918018.75,             7500,              060,              060
FUTSTK    ,DIXON     ,30/12/2021,00004870.00,00004872.70,00004810.00,00004872.70,000000000002125,        4850675.00,             1000,              008,              007
FUTSTK    ,DLF       ,28/10/2021,00000418.00,00000420.70,00000407.10,00000409.70,000000031782300,     7536316920.00,         18222600,             5522,             5122
FUTSTK    ,DLF       ,25/11/2021,00000421.95,00000421.95,00000409.00,00000411.20,000000000663300,      263270205.00,           636900,              193,              190
FUTSTK    ,DLF       ,30/12/2021,00000419.25,00000419.25,00000411.65,00000412.10,000000000069300,       13643190.00,            33000,              010,              010
FUTSTK    ,DRREDDY   ,28/10/2021,00005023.90,00005050.00,00004909.10,00004958.10,000000002620000,     3658507168.75,           734125,             5873,             5524
FUTSTK    ,DRREDDY   ,25/11/2021,00005042.55,00005057.75,00004930.00,00004975.10,000000000049500,      199900343.75,            40000,              320,              298
FUTSTK    ,DRREDDY   ,30/12/2021,00005060.00,00005066.00,00004950.00,00004950.60,000000000010625,       28271618.75,             5625,              045,              033
FUTSTK    ,EICHERMOT ,28/10/2021,00002762.95,00002778.25,00002706.45,00002720.20,000000004118800,     2498874892.50,           911750,             2605,             2437
FUTSTK    ,EICHERMOT ,25/11/2021,00002768.00,00002772.45,00002707.00,00002714.95,000000000104650,       86071230.00,            31500,              090,              088
FUTSTK    ,EICHERMOT ,30/12/2021,00002745.05,00002745.05,00002725.00,00002725.00,000000000007700,        7644052.50,             2800,              008,              007
FUTSTK    ,ESCORTS   ,28/10/2021,00001502.10,00001515.00,00001452.55,00001460.75,000000007268250,     2451304157.50,          1650550,             3001,             2291
FUTSTK    ,ESCORTS   ,25/11/2021,00001511.00,00001518.00,00001458.70,00001462.15,000000000079200,       93506517.50,            62700,              114,              114
FUTSTK    ,ESCORTS   ,30/12/2021,00001503.00,00001503.80,00001478.30,00001478.30,000000000004950,        4108967.50,             2750,              005,              005
FUTSTK    ,EXIDEIND  ,28/10/2021,00000183.35,00000184.35,00000179.55,00000180.05,000000030484800,     1387332180.00,          7606800,             2113,             1987
FUTSTK    ,EXIDEIND  ,25/11/2021,00000185.85,00000185.85,00000179.75,00000180.25,000000002660400,      248579460.00,          1360800,              378,              337
FUTSTK    ,EXIDEIND  ,30/12/2021,00000184.20,00000184.40,00000180.80,00000180.80,000000000129600,       11859660.00,            64800,              018,              018
FUTSTK    ,FEDERALBNK,28/10/2021,00000085.60,00000087.25,00000084.25,00000084.55,000000086290000,     2327693500.00,         27170000,             2717,             2502
FUTSTK    ,FEDERALBNK,25/11/2021,00000086.60,00000087.55,00000084.60,00000084.95,000000002630000,      109301500.00,          1270000,              127,              127
FUTSTK    ,FEDERALBNK,30/12/2021,00000085.05,00000087.70,00000085.05,00000085.10,000000000380000,       23338000.00,           270000,              027,              027
FUTSTK    ,GAIL      ,28/10/2021,00000166.50,00000171.90,00000164.10,00000166.35,000000047927700,     6956241445.00,         41406800,             6788,             6191
FUTSTK    ,GAIL      ,25/11/2021,00000167.15,00000171.50,00000164.00,00000166.25,000000001329800,      281867885.00,          1683600,              276,              262
FUTSTK    ,GAIL      ,30/12/2021,00000168.00,00000171.00,00000165.25,00000166.40,000000000067100,       16412965.00,            97600,              016,              016
FUTSTK    ,GLENMARK  ,28/10/2021,00000522.95,00000522.95,00000503.50,00000505.10,000000007100100,      776162830.00,          1519150,             1321,             1270
FUTSTK    ,GLENMARK  ,25/11/2021,00000519.20,00000519.20,00000506.00,00000507.10,000000000198950,       21230092.50,            41400,              036,              036
FUTSTK    ,GLENMARK  ,30/12/2021,00000522.50,00000522.50,00000507.70,00000507.70,000000000023000,        6480135.00,            12650,              011,              011
FUTSTK    ,GMRINFRA  ,28/10/2021,00000040.75,00000041.10,00000039.20,00000039.45,000000109282500,     1587462750.00,         39600000,             1760,             1592
FUTSTK    ,GMRINFRA  ,25/11/2021,00000040.85,00000041.00,00000039.40,00000039.55,000000002902500,       39676500.00,           990000,              044,              042
FUTSTK    ,GMRINFRA  ,30/12/2021,00000041.10,00000041.10,00000039.70,00000040.00,000000000652500,       11758500.00,           292500,              013,              013
FUTSTK    ,GODREJCP  ,28/10/2021,00001059.00,00001064.15,00001016.25,00001018.80,000000005325000,     3342750100.00,          3227000,             3227,             3024
FUTSTK    ,GODREJCP  ,25/11/2021,00001058.00,00001062.65,00001017.50,00001019.10,000000000225000,      103561700.00,           100000,              100,              098
FUTSTK    ,GODREJCP  ,30/12/2021,00001050.05,00001050.50,00001021.60,00001025.30,000000000018000,       30049450.00,            29000,              029,              029
FUTSTK    ,GODREJPROP,28/10/2021,00002292.20,00002317.40,00002257.70,00002281.45,000000002123550,     2848097882.50,          1246700,             1918,             1822
FUTSTK    ,GODREJPROP,25/11/2021,00002310.00,00002311.45,00002258.65,00002284.90,000000000074100,       59390825.00,            26000,              040,              039
FUTSTK    ,GODREJPROP,30/12/2021,00002284.00,00002284.00,00002270.00,00002272.50,000000000008450,        8865317.50,             3900,              006,              006
FUTSTK    ,GRANULES  ,28/10/2021,00000332.00,00000335.20,00000319.65,00000321.75,000000011170850,      997135615.00,          3045750,             1965,             1822
FUTSTK    ,GRANULES  ,25/11/2021,00000333.35,00000336.00,00000320.45,00000323.30,000000000407650,       77880447.50,           237150,              153,              153
FUTSTK    ,GRANULES  ,30/12/2021,00000335.25,00000336.80,00000323.00,00000324.35,000000000055800,        7710087.50,            23250,              015,              015
FUTSTK    ,GRASIM    ,28/10/2021,00001632.55,00001644.00,00001595.40,00001601.40,000000010090425,     2719524910.00,          1678175,             3533,             3044
FUTSTK    ,GRASIM    ,25/11/2021,00001635.25,00001649.45,00001604.20,00001605.65,000000000068875,       29342103.75,            18050,              038,              038
FUTSTK    ,GRASIM    ,30/12/2021,00001640.00,00001640.00,00001640.00,00001640.00,000000000005225,         779000.00,              475,              001,              001
FUTSTK    ,GUJGASLTD ,28/10/2021,00000634.00,00000647.35,00000620.50,00000623.90,000000006182500,     4443558125.00,          6983750,             5587,             4862
FUTSTK    ,GUJGASLTD ,25/11/2021,00000613.25,00000649.25,00000613.25,00000625.40,000000000311250,      136746562.50,           213750,              171,              163
FUTSTK    ,GUJGASLTD ,30/12/2021,00000637.60,00000650.05,00000626.00,00000628.80,000000000056250,       36841375.00,            57500,              046,              046
FUTSTK    ,HAL       ,28/10/2021,00001374.95,00001392.50,00001340.40,00001350.90,000000001861050,     1173191598.75,           861650,             1814,             1645
FUTSTK    ,HAL       ,25/11/2021,00001384.05,00001385.00,00001342.60,00001351.30,000000000051300,       27827875.00,            20425,              043,              043
FUTSTK    ,HAVELLS   ,28/10/2021,00001399.70,00001412.40,00001371.00,00001374.75,000000004366500,     1988373875.00,          1425500,             2851,             2609
FUTSTK    ,HAVELLS   ,25/11/2021,00001410.00,00001415.65,00001375.40,00001379.75,000000000046000,       67667775.00,            48500,              097,              094
FUTSTK    ,HAVELLS   ,30/12/2021,00001390.00,00001390.00,00001381.55,00001381.55,000000000002000,        1385775.00,             1000,              002,              002
FUTSTK    ,HCLTECH   ,28/10/2021,00001313.80,00001316.95,00001270.35,00001273.60,000000018411400,     7128566130.00,          5533500,             7905,             7291
FUTSTK    ,HCLTECH   ,25/11/2021,00001322.20,00001322.20,00001276.60,00001278.80,000000000300300,      208054105.00,           161000,              230,              228
FUTSTK    ,HCLTECH   ,30/12/2021,00001301.00,00001301.00,00001282.00,00001282.40,000000000031500,       38933545.00,            30100,              043,              039
FUTSTK    ,HDFC      ,28/10/2021,00002744.20,00002797.55,00002725.05,00002752.40,000000012894900,     9831609465.00,          3552600,            11842,            10811
FUTSTK    ,HDFC      ,25/11/2021,00002745.00,00002805.00,00002743.85,00002761.35,000000000178500,      258530940.00,            93000,              310,              286
FUTSTK    ,HDFC      ,30/12/2021,00002762.00,00002810.00,00002762.00,00002770.00,000000000005100,       10032810.00,             3600,              012,              012
FUTSTK    ,HDFCAMC   ,28/10/2021,00002927.10,00002939.00,00002895.25,00002903.40,000000003491800,     2160532230.00,           741000,             3705,             3436
FUTSTK    ,HDFCAMC   ,25/11/2021,00002940.45,00002951.95,00002908.05,00002914.35,000000000142200,      183851890.00,            62800,              314,              311
FUTSTK    ,HDFCAMC   ,30/12/2021,00002955.00,00002955.40,00002922.00,00002926.25,000000000017800,       19381720.00,             6600,              033,              033
FUTSTK    ,HDFCBANK  ,28/10/2021,00001597.95,00001625.00,00001590.40,00001611.65,000000034201200,    24439672152.50,         15154150,            27553,            24626
FUTSTK    ,HDFCBANK  ,25/11/2021,00001600.05,00001629.90,00001599.15,00001616.70,000000000592900,      810365930.00,           501050,              911,              827
FUTSTK    ,HDFCBANK  ,30/12/2021,00001612.85,00001633.40,00001605.00,00001622.30,000000000039600,      133077312.50,            81950,              149,              131
FUTSTK    ,HDFCLIFE  ,28/10/2021,00000737.55,00000743.60,00000725.55,00000727.80,000000017486700,     2561296980.00,          3480400,             3164,             2970
FUTSTK    ,HDFCLIFE  ,25/11/2021,00000740.00,00000745.55,00000729.60,00000730.70,000000000310200,       74738015.00,           101200,              092,              092
FUTSTK    ,HDFCLIFE  ,30/12/2021,00000743.90,00000747.60,00000733.40,00000733.40,000000000018700,        8154795.00,            11000,              010,              010
FUTSTK    ,HEROMOTOCO,28/10/2021,00002854.75,00002863.45,00002782.50,00002800.65,000000004309200,     2902243650.00,          1028700,             3429,             3194
FUTSTK    ,HEROMOTOCO,25/11/2021,00002867.45,00002869.15,00002795.70,00002812.45,000000000178200,      196916130.00,            69600,              232,              229
FUTSTK    ,HEROMOTOCO,30/12/2021,00002879.90,00002880.90,00002816.75,00002822.00,000000000017700,       35955405.00,            12600,              042,              040
FUTSTK    ,HINDALCO  ,28/10/2021,00000495.85,00000500.00,00000474.20,00000476.80,000000024531500,     8767513272.50,         18085800,             8412,             7139
FUTSTK    ,HINDALCO  ,25/11/2021,00000499.80,00000500.05,00000477.00,00000478.40,000000000715950,      234911687.50,           483750,              225,              222
FUTSTK    ,HINDALCO  ,30/12/2021,00000500.60,00000500.60,00000478.70,00000479.50,000000000066650,       39736730.00,            81700,              038,              037
FUTSTK    ,HINDPETRO ,28/10/2021,00000316.10,00000318.50,00000309.75,00000312.55,000000019531800,     2377918080.00,          7589700,             2811,             2409
FUTSTK    ,HINDPETRO ,25/11/2021,00000318.00,00000318.30,00000310.00,00000312.85,000000000278100,       88254090.00,           280800,              104,              098
FUTSTK    ,HINDPETRO ,30/12/2021,00000315.80,00000315.80,00000315.80,00000315.80,000000000016200,         852660.00,             2700,              001,              001
FUTSTK    ,HINDUNILVR,28/10/2021,00002700.00,00002723.75,00002672.70,00002680.05,000000005400600,     4582049715.00,          1698300,             5661,             4785
FUTSTK    ,HINDUNILVR,25/11/2021,00002695.75,00002733.30,00002683.05,00002689.45,000000000073200,      106469505.00,            39300,              131,              130
FUTSTK    ,HINDUNILVR,30/12/2021,00002722.00,00002734.00,00002698.00,00002701.00,000000000004500,        9799020.00,             3600,              012,              012
FUTSTK    ,IBULHSGFIN,28/10/2021,00000244.70,00000255.55,00000239.70,00000241.50,000000041828300,    11588731550.00,         46441100,            14981,            12937
FUTSTK    ,IBULHSGFIN,25/11/2021,00000243.90,00000255.25,00000239.60,00000241.25,000000002700100,      863366430.00,          3465800,             1118,              960
FUTSTK    ,IBULHSGFIN,30/12/2021,00000244.00,00000255.40,00000240.20,00000242.25,000000000226300,       71384785.00,           285200,              092,              092
FUTSTK    ,ICICIBANK ,28/10/2021,00000698.05,00000708.30,00000691.30,00000692.30,000000088305250,    14712598037.50,         21015500,            15284,            13872
FUTSTK    ,ICICIBANK ,25/11/2021,00000702.45,00000710.60,00000694.10,00000695.10,000000000847000,      348674081.25,           496375,              361,              354
FUTSTK    ,ICICIBANK ,30/12/2021,00000704.50,00000712.60,00000697.00,00000697.30,000000000103125,       42656143.75,            60500,              044,              044
FUTSTK    ,ICICIGI   ,28/10/2021,00001560.30,00001566.25,00001545.05,00001552.05,000000003355800,     1675669557.50,          1078650,             2538,             2331
FUTSTK    ,ICICIGI   ,25/11/2021,00001565.15,00001567.00,00001552.00,00001556.20,000000000043350,       33803841.25,            21675,              051,              048
FUTSTK    ,ICICIGI   ,30/12/2021,00001565.00,00001565.00,00001556.55,00001560.00,000000000005525,        3981208.75,             2550,              006,              006
FUTSTK    ,ICICIPRULI,28/10/2021,00000684.75,00000694.90,00000680.05,00000681.10,000000004513500,     1426947525.00,          2076000,             1384,             1299
FUTSTK    ,ICICIPRULI,25/11/2021,00000690.60,00000695.00,00000681.50,00000681.50,000000000046500,       21780375.00,            31500,              021,              021
FUTSTK    ,IDEA      ,28/10/2021,00000011.75,00000012.05,00000011.15,00000011.50,000000898730000,     4167275000.00,        361340000,             5162,             3900
FUTSTK    ,IDEA      ,25/11/2021,00000011.90,00000012.05,00000011.30,00000011.55,000000038080000,      210791000.00,         18270000,              261,              233
FUTSTK    ,IDEA      ,30/12/2021,00000012.10,00000012.10,00000011.45,00000011.65,000000003150000,       10766000.00,           910000,              013,              013
FUTSTK    ,IDFCFIRSTB,28/10/2021,00000048.50,00000048.80,00000046.70,00000047.05,000000172862000,     2099624450.00,         44032500,             4635,             4119
FUTSTK    ,IDFCFIRSTB,25/11/2021,00000048.95,00000049.00,00000046.90,00000047.15,000000008882500,      146749825.00,          3078000,              324,              228
FUTSTK    ,IDFCFIRSTB,30/12/2021,00000048.90,00000048.90,00000047.05,00000047.40,000000000560500,       18221000.00,           380000,              040,              040
FUTSTK    ,IEX       ,28/10/2021,00000639.65,00000643.85,00000625.40,00000630.00,000000007940000,     2486816562.50,          3921250,             3137,             2890
FUTSTK    ,IEX       ,25/11/2021,00000643.55,00000643.55,00000628.60,00000631.00,000000000362500,      103425687.50,           162500,              130,              129
FUTSTK    ,IEX       ,30/12/2021,00000635.00,00000635.50,00000632.70,00000633.50,000000000035000,        3965250.00,             6250,              005,              005
FUTSTK    ,IGL       ,28/10/2021,00000529.70,00000531.40,00000516.35,00000517.45,000000012537250,     2327804600.00,          4448125,             3235,             2917
FUTSTK    ,IGL       ,25/11/2021,00000530.35,00000532.50,00000517.90,00000518.75,000000000787875,      218710731.25,           418000,              304,              299
FUTSTK    ,IGL       ,30/12/2021,00000530.55,00000531.00,00000519.75,00000520.70,000000000077000,       30280043.75,            57750,              042,              042
FUTSTK    ,INDHOTEL  ,28/10/2021,00000194.60,00000201.00,00000184.80,00000185.90,000000017799600,     4206442695.00,         21668400,             5556,             5124
FUTSTK    ,INDHOTEL  ,25/11/2021,00000191.95,00000201.00,00000185.50,00000186.40,000000000526500,      132968745.00,           690300,              177,              176
FUTSTK    ,INDHOTEL  ,30/12/2021,00000193.90,00000200.00,00000192.00,00000192.00,000000000027300,        4614480.00,            23400,              006,              006
FUTSTK    ,INDIACEM  ,28/10/2021,00000197.60,00000201.50,00000192.55,00000194.00,000000006748300,     1070257180.00,          5417200,             1868,             1700
FUTSTK    ,INDIACEM  ,25/11/2021,00000197.95,00000201.50,00000193.95,00000194.15,000000000147900,       18360045.00,            92800,              032,              031
FUTSTK    ,INDIACEM  ,30/12/2021,00000196.50,00000200.75,00000196.50,00000200.75,000000000017400,        1724195.00,             8700,              003,              003
FUTSTK    ,INDIAMART ,28/10/2021,00008460.00,00008505.00,00008190.05,00008218.15,000000000177150,      477547965.00,            57375,              765,              693
FUTSTK    ,INDIAMART ,25/11/2021,00008427.65,00008483.55,00008225.55,00008251.95,000000000004725,       15639022.50,             1875,              025,              025
FUTSTK    ,INDIGO    ,28/10/2021,00001983.15,00001991.00,00001921.85,00001932.50,000000003950000,     1491909950.00,           765000,             1530,             1449
FUTSTK    ,INDIGO    ,25/11/2021,00001979.10,00001979.10,00001930.30,00001938.30,000000000067000,       52638450.00,            27000,              054,              053
FUTSTK    ,INDIGO    ,30/12/2021,00001956.15,00001956.15,00001940.00,00001942.75,000000000002500,        5834950.00,             3000,              006,              006
FUTSTK    ,INDUSINDBK,28/10/2021,00001180.10,00001183.00,00001129.65,00001133.20,000000014167800,     8086095765.00,          7006500,             7785,             6831
FUTSTK    ,INDUSINDBK,25/11/2021,00001179.35,00001182.85,00001134.30,00001136.65,000000000122400,      141713865.00,           122400,              136,              135
FUTSTK    ,INDUSINDBK,30/12/2021,00001184.00,00001184.00,00001138.00,00001139.00,000000000007200,        8302365.00,             7200,              008,              008
FUTSTK    ,INDUSTOWER,28/10/2021,00000308.70,00000314.45,00000306.70,00000311.50,000000011956000,     1626537220.00,          5230400,             1868,             1742
FUTSTK    ,INDUSTOWER,25/11/2021,00000311.00,00000312.80,00000307.35,00000310.85,000000000210000,       28725620.00,            92400,              033,              033
FUTSTK    ,INDUSTOWER,30/12/2021,00000311.00,00000312.00,00000311.00,00000312.00,000000000011200,        1744400.00,             5600,              002,              002
FUTSTK    ,INFY      ,28/10/2021,00001690.05,00001696.50,00001658.90,00001662.50,000000040291200,    11898994770.00,          7110600,            11851,            10734
FUTSTK    ,INFY      ,25/11/2021,00001699.50,00001702.00,00001665.00,00001668.00,000000001410000,      636786690.00,           379200,              632,              605
FUTSTK    ,INFY      ,30/12/2021,00001704.65,00001704.65,00001672.95,00001675.80,000000000063000,       86914830.00,            51600,              086,              085
FUTSTK    ,IOC       ,28/10/2021,00000131.80,00000135.00,00000129.60,00000130.35,000000040417000,     4150072550.00,         31499000,             4846,             4379
FUTSTK    ,IOC       ,25/11/2021,00000131.50,00000135.20,00000129.85,00000130.60,000000003048500,      263978650.00,          1995500,              307,              303
FUTSTK    ,IOC       ,30/12/2021,00000133.35,00000134.00,00000130.00,00000130.30,000000000195000,       25708800.00,           195000,              030,              030
FUTSTK    ,IPCALAB   ,28/10/2021,00002351.15,00002362.60,00002260.75,00002273.15,000000000684900,      845087557.50,           366075,             1627,             1550
FUTSTK    ,IPCALAB   ,25/11/2021,00002356.00,00002356.20,00002270.00,00002275.80,000000000018675,       20774857.50,             9000,              040,              038
FUTSTK    ,IPCALAB   ,30/12/2021,00002349.30,00002349.30,00002288.85,00002288.85,000000000000675,        2602361.25,             1125,              005,              004
FUTSTK    ,IRCTC     ,28/10/2021,00004196.60,00004529.85,00004192.00,00004480.95,000000002697500,    36286814915.00,          8229325,            25321,            23615
FUTSTK    ,IRCTC     ,25/11/2021,00004229.45,00004545.60,00004223.95,00004497.40,000000000169000,     1733449250.00,           391950,             1206,             1152
FUTSTK    ,IRCTC     ,30/12/2021,00004252.00,00004550.00,00004250.35,00004511.00,000000000030550,      203166177.50,            45825,              141,              136
FUTSTK    ,ITC       ,28/10/2021,00000236.00,00000237.50,00000231.35,00000232.25,000000181881600,     8049800960.00,         34400000,            10750,             9391
FUTSTK    ,ITC       ,25/11/2021,00000236.50,00000238.40,00000232.40,00000232.95,000000006297600,      648340480.00,          2761600,              863,              803
FUTSTK    ,ITC       ,30/12/2021,00000237.90,00000239.00,00000233.60,00000234.15,000000000547200,       95920640.00,           406400,              127,              122
FUTSTK    ,JINDALSTEL,28/10/2021,00000425.00,00000429.20,00000409.00,00000411.15,000000040112500,     6970448250.00,         16662500,             6665,             5808
FUTSTK    ,JINDALSTEL,25/11/2021,00000428.05,00000430.20,00000410.65,00000412.70,000000000555000,      256069500.00,           610000,              244,              239
FUTSTK    ,JINDALSTEL,30/12/2021,00000429.40,00000429.95,00000411.25,00000413.95,000000000080000,       61119500.00,           145000,              058,              053
FUTSTK    ,JKCEMENT  ,28/10/2021,00003348.80,00003474.00,00003315.05,00003348.05,000000000074025,      494440992.50,           146125,              835,              801
FUTSTK    ,JKCEMENT  ,25/11/2021,00003376.25,00003416.70,00003350.35,00003367.45,000000000002800,        8272503.75,             2450,              014,              014
FUTSTK    ,JKCEMENT  ,30/12/2021,00003351.55,00003354.40,00003351.55,00003354.40,000000000001050,        1173541.25,              350,              002,              002
FUTSTK    ,JSWSTEEL  ,28/10/2021,00000682.15,00000685.50,00000656.00,00000659.45,000000046082250,     6253651507.50,          9358200,             6932,             6229
FUTSTK    ,JSWSTEEL  ,25/11/2021,00000685.35,00000686.90,00000659.00,00000662.05,000000000523800,      219140437.50,           326700,              242,              238
FUTSTK    ,JSWSTEEL  ,30/12/2021,00000690.00,00000690.00,00000662.60,00000663.30,000000000072900,       24519172.50,            36450,              027,              026
FUTSTK    ,JUBLFOOD  ,28/10/2021,00004114.75,00004125.00,00003926.50,00003941.50,000000001674750,     2883977862.50,           722250,             2889,             2580
FUTSTK    ,JUBLFOOD  ,25/11/2021,00004125.45,00004125.45,00003940.70,00003957.55,000000000026250,       48042875.00,            12000,              048,              048
FUTSTK    ,JUBLFOOD  ,30/12/2021,00004041.50,00004041.50,00003950.00,00003960.85,000000000004000,       13948287.50,             3500,              014,              014
FUTSTK    ,KOTAKBANK ,28/10/2021,00001982.05,00002010.80,00001952.50,00001963.20,000000011736400,     9431167120.00,          4752400,            11881,            10919
FUTSTK    ,KOTAKBANK ,25/11/2021,00001982.70,00002015.95,00001959.25,00001969.25,000000000101600,      139322940.00,            70000,              175,              172
FUTSTK    ,KOTAKBANK ,30/12/2021,00001997.55,00002009.00,00001966.00,00001970.95,000000000006400,       11145600.00,             5600,              014,              014
FUTSTK    ,L&TFH     ,28/10/2021,00000091.60,00000092.60,00000088.90,00000089.20,000000062816036,     1470500735.80,         16205984,             1816,             1641
FUTSTK    ,L&TFH     ,25/11/2021,00000092.40,00000092.65,00000089.40,00000089.50,000000002400556,       99261205.80,          1088728,              122,              121
FUTSTK    ,L&TFH     ,30/12/2021,00000093.00,00000093.00,00000090.00,00000090.00,000000000294492,        8932924.00,            98164,              011,              011
FUTSTK    ,LALPATHLAB,28/10/2021,00003763.15,00003774.65,00003650.00,00003678.70,000000000659750,      976889625.00,           264250,             1057,              974
FUTSTK    ,LALPATHLAB,25/11/2021,00003743.75,00003753.40,00003641.00,00003662.00,000000000052000,      103068000.00,            28000,              112,              097
FUTSTK    ,LALPATHLAB,30/12/2021,00003728.00,00003740.00,00003666.55,00003666.55,000000000003750,        7414025.00,             2000,              008,              008
FUTSTK    ,LICHSGFIN ,28/10/2021,00000449.85,00000453.70,00000435.25,00000436.80,000000016932000,     2573121400.00,          5800000,             2900,             2729
FUTSTK    ,LICHSGFIN ,25/11/2021,00000452.00,00000455.35,00000437.30,00000438.45,000000000758000,      184620500.00,           414000,              207,              207
FUTSTK    ,LICHSGFIN ,30/12/2021,00000453.70,00000453.70,00000439.55,00000439.55,000000000060000,        9814600.00,            22000,              011,              011
FUTSTK    ,LT        ,28/10/2021,00001716.40,00001737.25,00001694.45,00001697.90,000000011107275,     6105324872.50,          3559825,             6191,             5676
FUTSTK    ,LT        ,25/11/2021,00001725.00,00001739.00,00001698.00,00001700.50,000000000327750,      150004045.00,            87400,              152,              151
FUTSTK    ,LT        ,30/12/2021,00001724.40,00001740.00,00001704.00,00001704.00,000000000012650,       14823327.50,             8625,              015,              015
FUTSTK    ,LTI       ,28/10/2021,00005795.15,00005797.00,00005680.20,00005695.85,000000000593700,     1273706490.00,           222900,             1486,             1405
FUTSTK    ,LTI       ,25/11/2021,00005788.85,00005788.85,00005701.20,00005706.90,000000000012750,       27479077.50,             4800,              032,              031
FUTSTK    ,LTI       ,30/12/2021,00005768.05,00005768.05,00005710.00,00005711.35,000000000001650,       24112852.50,             4200,              028,              026
FUTSTK    ,LTTS      ,28/10/2021,00004713.35,00004730.00,00004584.00,00004604.75,000000000548200,     1042377770.00,           224200,             1121,             1061
FUTSTK    ,LTTS      ,25/11/2021,00004687.90,00004690.00,00004606.95,00004626.05,000000000019800,       38141400.00,             8200,              041,              034
FUTSTK    ,LUPIN     ,28/10/2021,00000967.55,00000970.65,00000942.05,00000947.60,000000010936100,     1997740805.00,          2093550,             2463,             2307
FUTSTK    ,LUPIN     ,25/11/2021,00000972.00,00000973.30,00000946.80,00000951.85,000000000622200,      119637840.00,           124950,              147,              146
FUTSTK    ,LUPIN     ,30/12/2021,00000975.00,00000975.00,00000950.00,00000950.00,000000000025500,       10657215.00,            11050,              013,              013
FUTSTK    ,M&M       ,28/10/2021,00000847.00,00000856.45,00000829.75,00000834.65,000000011560500,     3447564960.00,          4088700,             5841,             5070
FUTSTK    ,M&M       ,25/11/2021,00000851.25,00000858.85,00000833.80,00000837.45,000000000248500,       91885570.00,           108500,              155,              155
FUTSTK    ,M&M       ,30/12/2021,00000858.00,00000858.00,00000839.00,00000839.00,000000000008400,        4740785.00,             5600,              008,              008
FUTSTK    ,M&MFIN    ,28/10/2021,00000187.40,00000187.70,00000180.55,00000181.40,000000022740000,     1356176200.00,          7364000,             1841,             1722
FUTSTK    ,M&MFIN    ,25/11/2021,00000187.60,00000188.40,00000181.60,00000182.00,000000000740000,       39945000.00,           216000,              054,              053
FUTSTK    ,M&MFIN    ,30/12/2021,00000187.00,00000187.00,00000182.60,00000182.60,000000000116000,        2966400.00,            16000,              004,              004
FUTSTK    ,MANAPPURAM,28/10/2021,00000184.65,00000187.20,00000182.70,00000184.70,000000018438000,     2181366600.00,         11796000,             1966,             1783
FUTSTK    ,MANAPPURAM,25/11/2021,00000186.20,00000187.35,00000183.30,00000184.90,000000001146000,       86574900.00,           468000,              078,              078
FUTSTK    ,MANAPPURAM,30/12/2021,00000185.50,00000186.25,00000184.55,00000184.55,000000000084000,        5552400.00,            30000,              005,              004
FUTSTK    ,MARICO    ,28/10/2021,00000564.10,00000590.90,00000560.90,00000565.85,000000008402000,     7062527400.00,         12220000,             6110,             5539
FUTSTK    ,MARICO    ,25/11/2021,00000566.00,00000589.85,00000563.20,00000565.00,000000000156000,      209847500.00,           364000,              182,              180
FUTSTK    ,MARICO    ,30/12/2021,00000566.90,00000567.00,00000566.00,00000566.65,000000000006000,        3399800.00,             6000,              003,              003
FUTSTK    ,MARUTI    ,28/10/2021,00007279.95,00007292.85,00007170.00,00007202.10,000000002912500,     5586501730.00,           773100,             7731,             7111
FUTSTK    ,MARUTI    ,25/11/2021,00007296.10,00007309.95,00007192.75,00007222.70,000000000042400,      106662180.00,            14700,              147,              141
FUTSTK    ,MARUTI    ,30/12/2021,00007295.80,00007301.65,00007247.05,00007251.05,000000000002500,        5826085.00,              800,              008,              008
FUTSTK    ,MCDOWELL-N,28/10/2021,00000886.90,00000890.00,00000865.00,00000876.85,000000015582500,     5161700187.50,          5875000,             4700,             3975
FUTSTK    ,MCDOWELL-N,25/11/2021,00000887.00,00000892.00,00000868.75,00000879.70,000000000253750,      215705750.00,           245000,              196,              182
FUTSTK    ,MCDOWELL-N,30/12/2021,00000895.00,00000895.00,00000877.40,00000877.40,000000000026250,       11049750.00,            12500,              010,              009
FUTSTK    ,MCX       ,28/10/2021,00001694.55,00001775.00,00001681.05,00001722.75,000000001760150,     3433258535.00,          1978900,             5654,             5028
FUTSTK    ,MCX       ,25/11/2021,00001705.30,00001778.60,00001688.00,00001729.15,000000000020650,       41974467.50,            24150,              069,              069
FUTSTK    ,MCX       ,30/12/2021,00001770.00,00001770.00,00001770.00,00001770.00,000000000000350,         619500.00,              350,              001,              001
FUTSTK    ,METROPOLIS,28/10/2021,00002774.50,00002813.00,00002698.85,00002713.15,000000000581000,      311363160.00,           113000,              565,              540
FUTSTK    ,METROPOLIS,25/11/2021,00002771.40,00002781.00,00002688.00,00002694.20,000000000025000,       10353340.00,             3800,              019,              018
FUTSTK    ,MFSL      ,28/10/2021,00001022.30,00001050.00,00001015.00,00001021.25,000000002378350,     1253230290.00,          1211600,             1864,             1676
FUTSTK    ,MFSL      ,25/11/2021,00001029.00,00001050.80,00001023.70,00001023.70,000000000015600,       15492912.50,            14950,              023,              017
FUTSTK    ,MGL       ,28/10/2021,00001096.00,00001099.85,00001073.80,00001075.70,000000003329400,     1289822340.00,          1187400,             1979,             1819
FUTSTK    ,MGL       ,25/11/2021,00001097.10,00001099.75,00001075.95,00001077.70,000000000340200,      140858130.00,           129600,              216,              213
FUTSTK    ,MGL       ,30/12/2021,00001101.05,00001102.90,00001075.05,00001084.15,000000000028800,       35310030.00,            32400,              054,              053
FUTSTK    ,MINDTREE  ,28/10/2021,00004305.40,00004323.70,00004158.00,00004176.95,000000002772800,     5854852300.00,          1387600,             3469,             3244
FUTSTK    ,MINDTREE  ,25/11/2021,00004300.50,00004303.20,00004175.00,00004186.40,000000000104400,      218053500.00,            51600,              129,              129
FUTSTK    ,MINDTREE  ,30/12/2021,00004284.90,00004284.90,00004185.05,00004194.00,000000000008000,       32122260.00,             7600,              019,              019
FUTSTK    ,MOTHERSUMI,28/10/2021,00000228.65,00000230.30,00000223.35,00000224.25,000000031129000,     1725077025.00,          7616000,             2176,             1968
FUTSTK    ,MOTHERSUMI,25/11/2021,00000228.55,00000230.35,00000224.25,00000224.65,000000000955500,       83342000.00,           367500,              105,              105
FUTSTK    ,MOTHERSUMI,30/12/2021,00000228.50,00000229.50,00000225.00,00000226.05,000000000063000,        7131775.00,            31500,              009,              009
FUTSTK    ,MPHASIS   ,28/10/2021,00003183.20,00003183.20,00003086.65,00003112.10,000000002329600,     1964876598.75,           629850,             1938,             1835
FUTSTK    ,MPHASIS   ,25/11/2021,00003184.75,00003184.75,00003105.40,00003124.35,000000000024375,       46985136.25,            14950,              046,              045
FUTSTK    ,MPHASIS   ,30/12/2021,00003125.05,00003125.05,00003125.00,00003125.00,000000000001625,        2031266.25,              650,              002,              002
FUTSTK    ,MRF       ,28/10/2021,00079900.95,00079999.00,00078525.05,00078643.35,000000000051530,     1109097764.50,            14000,             1400,             1293
FUTSTK    ,MRF       ,25/11/2021,00080150.00,00080150.00,00078900.00,00078957.30,000000000002250,       43633502.50,              550,              055,              055
FUTSTK    ,MRF       ,30/12/2021,00080262.45,00080262.45,00079066.50,00079168.85,000000000000210,       10350939.50,              130,              013,              013
FUTSTK    ,MUTHOOTFIN,28/10/2021,00001531.25,00001542.65,00001500.85,00001504.35,000000003681750,     2252477475.00,          1479750,             1973,             1874
FUTSTK    ,MUTHOOTFIN,25/11/2021,00001539.15,00001547.00,00001510.00,00001510.70,000000000088500,       19420050.00,            12750,              017,              016
FUTSTK    ,COFORGE   ,28/10/2021,00005427.00,00005485.00,00005280.00,00005301.10,000000000743000,     2159626710.00,           404400,             2022,             1881
FUTSTK    ,COFORGE   ,25/11/2021,00005489.30,00005489.30,00005300.10,00005308.35,000000000009800,       39563170.00,             7400,              037,              037
FUTSTK    ,NAM-INDIA ,28/10/2021,00000449.85,00000453.80,00000437.30,00000441.80,000000002484800,      651123840.00,          1465600,              916,              880
FUTSTK    ,NAM-INDIA ,25/11/2021,00000451.00,00000451.00,00000441.00,00000442.70,000000000168000,       44086080.00,            99200,              062,              050
FUTSTK    ,NATIONALUM,28/10/2021,00000103.20,00000103.50,00000096.50,00000097.05,000000101677000,      887500300.00,          8908000,              524,              493
FUTSTK    ,NATIONALUM,25/11/2021,00000102.75,00000102.75,00000097.30,00000097.40,000000008959000,       49411350.00,           493000,              029,              027
FUTSTK    ,NATIONALUM,30/12/2021,00000101.00,00000101.00,00000101.00,00000101.00,000000000748000,        1717000.00,            17000,              001,              001
FUTSTK    ,NAUKRI    ,28/10/2021,00006552.50,00006679.00,00006528.60,00006568.15,000000000863000,     2408504181.25,           364750,             2918,             2565
FUTSTK    ,NAUKRI    ,25/11/2021,00006645.00,00006683.50,00006545.50,00006584.35,000000000017375,       88573262.50,            13375,              107,              104
FUTSTK    ,NAUKRI    ,30/12/2021,00006650.00,00006650.00,00006650.00,00006650.00,000000000001000,        1662500.00,              250,              002,              002
FUTSTK    ,NAVINFLUOR,28/10/2021,00003972.10,00004170.00,00003894.40,00004029.50,000000000692325,     5151098250.00,          1273500,             5660,             4965
FUTSTK    ,NAVINFLUOR,25/11/2021,00003988.45,00004160.00,00003920.00,00004027.05,000000000025650,      137758758.75,            33975,              151,              142
FUTSTK    ,NAVINFLUOR,30/12/2021,00004130.35,00004130.35,00004130.35,00004130.35,000000000000675,         929328.75,              225,              001,              001
FUTSTK    ,NESTLEIND ,28/10/2021,00019419.20,00019650.00,00019136.30,00019233.55,000000000272550,     1573611170.00,            81300,             1626,             1545
FUTSTK    ,NESTLEIND ,25/11/2021,00019538.65,00019595.60,00019211.00,00019267.65,000000000004800,       21314535.00,             1100,              022,              020
FUTSTK    ,NESTLEIND ,30/12/2021,00019381.00,00019381.00,00019381.00,00019381.00,000000000000050,         969050.00,              050,              001,              001
FUTSTK    ,NMDC      ,28/10/2021,00000147.70,00000149.35,00000142.80,00000143.55,000000108948700,     3645001335.00,         24970900,             3727,             3390
FUTSTK    ,NMDC      ,25/11/2021,00000148.00,00000149.75,00000143.45,00000144.00,000000006097000,      326812935.00,          2237800,              334,              293
FUTSTK    ,NMDC      ,30/12/2021,00000150.00,00000150.00,00000144.00,00000144.45,000000000556100,       47328800.00,           321600,              048,              048
FUTSTK    ,NTPC      ,28/10/2021,00000146.00,00000147.15,00000143.10,00000143.65,000000054144300,     2641305615.00,         18245700,             3201,             3025
FUTSTK    ,NTPC      ,25/11/2021,00000145.35,00000146.65,00000142.80,00000143.30,000000002217300,      186072510.00,          1288200,              226,              223
FUTSTK    ,NTPC      ,30/12/2021,00000145.40,00000145.40,00000144.50,00000144.50,000000000114000,        5787210.00,            39900,              007,              007
FUTSTK    ,OBEROIRLTY,28/10/2021,00000893.95,00000896.55,00000851.65,00000860.45,000000001127000,      635980065.00,           732200,             1046,             1014
FUTSTK    ,OBEROIRLTY,25/11/2021,00000898.70,00000898.70,00000857.85,00000860.45,000000000024500,       19552225.00,            22400,              032,              029
FUTSTK    ,OBEROIRLTY,30/12/2021,00000878.95,00000878.95,00000863.65,00000863.65,000000000004900,        3060295.00,             3500,              005,              005
FUTSTK    ,OFSS      ,28/10/2021,00004734.90,00004776.10,00004636.30,00004659.05,000000000696375,      893194675.00,           189750,             1518,             1316
FUTSTK    ,OFSS      ,25/11/2021,00004773.45,00004773.45,00004670.00,00004670.00,000000000004625,        6483418.75,             1375,              011,              007
FUTSTK    ,ONGC      ,28/10/2021,00000165.30,00000172.75,00000165.30,00000168.45,000000061931100,    14122984260.00,         83306300,            10819,            10213
FUTSTK    ,ONGC      ,25/11/2021,00000166.25,00000172.20,00000166.25,00000168.15,000000002240700,      474636085.00,          2802800,              364,              352
FUTSTK    ,ONGC      ,30/12/2021,00000169.00,00000171.80,00000166.20,00000167.90,000000000177100,       57233715.00,           338800,              044,              044
FUTSTK    ,PAGEIND   ,28/10/2021,00034100.00,00034850.00,00033690.00,00033949.90,000000000101490,     1662471937.50,            48540,             1618,             1472
FUTSTK    ,PAGEIND   ,25/11/2021,00033700.95,00034586.65,00033700.95,00034185.70,000000000000870,       22676514.00,              660,              022,              022
FUTSTK    ,PEL       ,28/10/2021,00002943.70,00002946.85,00002841.00,00002854.35,000000004364250,     6108398491.25,          2113650,             7686,             6302
FUTSTK    ,PEL       ,25/11/2021,00002940.40,00002949.65,00002858.80,00002865.60,000000000036300,      145121130.00,            50050,              182,              181
FUTSTK    ,PEL       ,30/12/2021,00002955.00,00002955.00,00002887.50,00002887.50,000000000001100,        2400750.00,              825,              003,              003
FUTSTK    ,PERSISTENT,28/10/2021,00003780.30,00003810.00,00003710.25,00003734.45,000000000190950,      298033057.50,            79350,              529,              518
FUTSTK    ,PERSISTENT,25/11/2021,00003804.05,00003828.55,00003740.00,00003745.00,000000000007050,        4540147.50,             1200,              008,              008
FUTSTK    ,PETRONET  ,28/10/2021,00000232.95,00000233.45,00000229.50,00000230.60,000000024828000,     1340093700.00,          5805000,             1935,             1831
FUTSTK    ,PETRONET  ,25/11/2021,00000231.05,00000231.20,00000228.10,00000228.85,000000001209000,      135500100.00,           591000,              197,              195
FUTSTK    ,PETRONET  ,30/12/2021,00000231.50,00000232.00,00000229.50,00000229.50,000000000099000,       11758200.00,            51000,              017,              017
FUTSTK    ,PFC       ,28/10/2021,00000143.70,00000144.35,00000139.45,00000140.05,000000025940800,     1253504220.00,          8859800,             1429,             1316
FUTSTK    ,PFC       ,25/11/2021,00000143.50,00000144.10,00000139.45,00000139.60,000000000756400,       34185250.00,           241800,              039,              039
FUTSTK    ,PFC       ,30/12/2021,00000142.25,00000143.05,00000140.40,00000140.40,000000000093000,        9685330.00,            68200,              011,              011
FUTSTK    ,PFIZER    ,28/10/2021,00005679.35,00005684.00,00005575.25,00005606.30,000000000217625,      259227737.50,            46125,              369,              343
FUTSTK    ,PFIZER    ,25/11/2021,00005692.55,00005692.55,00005620.60,00005634.75,000000000003625,        2118487.50,              375,              003,              003
FUTSTK    ,PIDILITIND,28/10/2021,00002453.25,00002461.70,00002411.50,00002421.10,000000002432000,     1064041775.00,           437000,              874,              836
FUTSTK    ,PIDILITIND,25/11/2021,00002459.00,00002469.15,00002423.35,00002423.35,000000000022000,       14670225.00,             6000,              012,              010
FUTSTK    ,PIDILITIND,30/12/2021,00002473.85,00002474.00,00002460.00,00002460.00,000000000003500,        8651850.00,             3500,              007,              007
FUTSTK    ,PIIND     ,28/10/2021,00003194.50,00003230.00,00003156.05,00003183.90,000000001462000,     1088822650.00,           340500,             1362,             1260
FUTSTK    ,PIIND     ,25/11/2021,00003185.05,00003239.30,00003181.75,00003201.90,000000000023750,       14430075.00,             4500,              018,              018
FUTSTK    ,PNB       ,28/10/2021,00000041.35,00000041.85,00000039.85,00000040.05,000000308432000,     3214783200.00,         78800000,             4925,             4215
FUTSTK    ,PNB       ,25/11/2021,00000041.35,00000042.00,00000040.05,00000040.25,000000018240000,      344402400.00,          8448000,              528,              427
FUTSTK    ,PNB       ,30/12/2021,00000041.90,00000042.00,00000040.30,00000040.45,000000001824000,       34749600.00,           848000,              053,              049
FUTSTK    ,POLYCAB   ,28/10/2021,00002467.95,00002525.00,00002350.05,00002379.65,000000000846300,     2797976280.00,          1141200,             3804,             3347
FUTSTK    ,POLYCAB   ,25/11/2021,00002470.00,00002530.65,00002370.00,00002382.40,000000000030000,      110100645.00,            45000,              150,              134
FUTSTK    ,POWERGRID ,28/10/2021,00000191.20,00000192.30,00000186.85,00000187.90,000000033901881,     1804116569.00,          9530071,             1787,             1699
FUTSTK    ,POWERGRID ,25/11/2021,00000190.75,00000190.75,00000187.00,00000187.70,000000000975939,       40331079.15,           213320,              040,              040
FUTSTK    ,POWERGRID ,30/12/2021,00000190.30,00000190.30,00000187.30,00000187.30,000000000047997,        2013740.80,            10666,              002,              002
FUTSTK    ,PVR       ,28/10/2021,00001673.75,00001697.75,00001641.05,00001647.30,000000002933249,     3958285703.90,          2370775,             5825,             4733
FUTSTK    ,PVR       ,25/11/2021,00001680.00,00001700.00,00001646.20,00001650.35,000000000107041,      183348270.05,           109483,              269,              254
FUTSTK    ,PVR       ,30/12/2021,00001692.00,00001692.00,00001658.00,00001658.30,000000000007326,        6117087.90,             3663,              009,              009
FUTSTK    ,RAMCOCEM  ,28/10/2021,00001017.00,00001026.80,00000995.65,00000999.95,000000001995800,      768638425.00,           758200,              892,              852
FUTSTK    ,RAMCOCEM  ,25/11/2021,00001019.45,00001028.00,00001002.50,00001004.35,000000000056100,       17311015.00,            17000,              020,              016
FUTSTK    ,RBLBANK   ,28/10/2021,00000192.00,00000192.00,00000184.50,00000185.05,000000024618100,     3043637290.00,         16213900,             5591,             4877
FUTSTK    ,RBLBANK   ,25/11/2021,00000189.70,00000191.55,00000185.00,00000185.65,000000001334000,      235273955.00,          1249900,              431,              409
FUTSTK    ,RBLBANK   ,30/12/2021,00000192.30,00000192.30,00000186.00,00000186.25,000000000261000,       66826295.00,           353800,              122,              116
FUTSTK    ,RECLTD    ,28/10/2021,00000163.25,00000163.40,00000157.00,00000157.55,000000023628000,     1405457100.00,          8772000,             1462,             1372
FUTSTK    ,RECLTD    ,25/11/2021,00000162.85,00000162.85,00000156.75,00000157.25,000000000504000,       44989800.00,           282000,              047,              045
FUTSTK    ,RECLTD    ,30/12/2021,00000158.50,00000158.50,00000158.00,00000158.00,000000000030000,        1899000.00,            12000,              002,              002
FUTSTK    ,RELIANCE  ,28/10/2021,00002620.00,00002620.90,00002555.75,00002563.00,000000028709750,    22901225687.50,          8846500,            35386,            28871
FUTSTK    ,RELIANCE  ,25/11/2021,00002629.50,00002629.50,00002563.90,00002570.05,000000000624000,      717350300.00,           276500,             1106,             1070
FUTSTK    ,RELIANCE  ,30/12/2021,00002634.00,00002634.00,00002574.90,00002580.10,000000000039000,       95177262.50,            36500,              146,              140
FUTSTK    ,SAIL      ,28/10/2021,00000120.85,00000122.65,00000115.10,00000115.80,000000183027000,     8271381625.00,         69853500,             7353,             6355
FUTSTK    ,SAIL      ,25/11/2021,00000121.20,00000122.70,00000115.35,00000115.75,000000012046000,     1073777875.00,          9129500,              961,              635
FUTSTK    ,SAIL      ,30/12/2021,00000121.85,00000123.00,00000115.70,00000116.35,000000001054500,      184770250.00,          1558000,              164,              154
FUTSTK    ,SBILIFE   ,28/10/2021,00001271.95,00001276.40,00001211.00,00001216.80,000000008613750,     5563511812.50,          4491000,             5988,             5430
FUTSTK    ,SBILIFE   ,25/11/2021,00001275.20,00001275.20,00001219.85,00001223.00,000000000077250,       75173550.00,            60750,              081,              080
FUTSTK    ,SBILIFE   ,30/12/2021,00001258.00,00001258.00,00001235.00,00001235.00,000000000006000,        4664400.00,             3750,              005,              005
FUTSTK    ,SBIN      ,28/10/2021,00000466.40,00000472.30,00000454.00,00000457.65,000000083449500,    16458552150.00,         35502000,            23668,            19685
FUTSTK    ,SBIN      ,25/11/2021,00000468.90,00000473.60,00000456.00,00000459.40,000000001932000,      765574575.00,          1641000,             1094,              921
FUTSTK    ,SBIN      ,30/12/2021,00000468.50,00000475.00,00000458.00,00000460.80,000000000183000,       99428250.00,           213000,              142,              132
FUTSTK    ,SHREECEM  ,28/10/2021,00028804.55,00028960.40,00028101.75,00028185.90,000000000160800,     1165066802.50,            40800,             1632,             1501
FUTSTK    ,SHREECEM  ,25/11/2021,00029794.30,00029794.30,00028240.00,00028283.50,000000000001800,       30037436.25,             1050,              042,              042
FUTSTK    ,SHREECEM  ,30/12/2021,00029000.00,00029005.00,00028500.00,00028500.00,000000000000325,        5032327.50,              175,              007,              007
FUTSTK    ,SIEMENS   ,28/10/2021,00002251.80,00002274.15,00002189.65,00002198.20,000000001735250,     1172983900.00,           525800,             1912,             1716
FUTSTK    ,SIEMENS   ,25/11/2021,00002265.20,00002270.00,00002200.00,00002200.35,000000000016775,       14088607.50,             6325,              023,              023
FUTSTK    ,SIEMENS   ,30/12/2021,00002280.00,00002280.00,00002280.00,00002280.00,000000000004400,        3135000.00,             1375,              005,              004
FUTSTK    ,SRF       ,28/10/2021,00011590.05,00011724.00,00011405.35,00011435.60,000000000773125,     5360592231.25,           464250,             3714,             3467
FUTSTK    ,SRF       ,25/11/2021,00011573.75,00011731.90,00011440.00,00011453.00,000000000033000,      285779031.25,            24750,              198,              173
FUTSTK    ,SRTRANSFIN,28/10/2021,00001345.30,00001345.30,00001301.35,00001306.40,000000004447200,     1773520040.00,          1340000,             3350,             3072
FUTSTK    ,SRTRANSFIN,25/11/2021,00001340.00,00001345.00,00001303.90,00001307.05,000000000088400,       33874880.00,            25600,              064,              064
FUTSTK    ,SRTRANSFIN,30/12/2021,00001340.00,00001346.50,00001310.00,00001310.05,000000000004800,        5284640.00,             4000,              010,              010
FUTSTK    ,STAR      ,28/10/2021,00000602.00,00000602.95,00000580.85,00000584.65,000000002725650,      342088751.25,           580500,              860,              827
FUTSTK    ,STAR      ,25/11/2021,00000602.50,00000602.50,00000582.75,00000587.10,000000000120150,       25961647.50,            43875,              065,              065
FUTSTK    ,STAR      ,30/12/2021,00000599.10,00000599.10,00000588.00,00000588.00,000000000009450,        1999383.75,             3375,              005,              005
FUTSTK    ,SUNPHARMA ,28/10/2021,00000821.20,00000825.10,00000800.70,00000803.65,000000032200000,     4907068950.00,          6042400,             4316,             4036
FUTSTK    ,SUNPHARMA ,25/11/2021,00000824.10,00000825.90,00000804.25,00000805.75,000000000222600,      158292540.00,           194600,              139,              137
FUTSTK    ,SUNPHARMA ,30/12/2021,00000825.45,00000825.45,00000810.40,00000810.40,000000000021000,        9152150.00,            11200,              008,              008
FUTSTK    ,SUNTV     ,28/10/2021,00000538.45,00000547.40,00000530.50,00000540.15,000000013173000,     2899146300.00,          5370000,             3580,             2839
FUTSTK    ,SUNTV     ,25/11/2021,00000538.90,00000547.15,00000536.50,00000540.65,000000000382500,       29999400.00,            55500,              037,              037
FUTSTK    ,SUNTV     ,30/12/2021,00000541.00,00000546.00,00000540.00,00000540.00,000000000012000,        6499800.00,            12000,              008,              008
FUTSTK    ,SYNGENE   ,28/10/2021,00000632.70,00000639.95,00000612.85,00000620.10,000000001717000,      425965345.00,           677450,              797,              739
FUTSTK    ,SYNGENE   ,25/11/2021,00000639.00,00000639.00,00000619.20,00000622.50,000000000061200,       10128217.50,            16150,              019,              019
FUTSTK    ,SYNGENE   ,30/12/2021,00000634.00,00000634.00,00000623.00,00000623.00,000000000001700,        1068450.00,             1700,              002,              002
FUTSTK    ,TATACHEM  ,28/10/2021,00000935.70,00000984.80,00000935.70,00000965.50,000000011751000,    14619219350.00,         15120000,            15120,            13916
FUTSTK    ,TATACHEM  ,25/11/2021,00000942.55,00000988.00,00000942.55,00000967.95,000000000208000,      422941200.00,           436000,              436,              422
FUTSTK    ,TATACHEM  ,30/12/2021,00000951.60,00000990.00,00000951.60,00000974.60,000000000026000,       25294250.00,            26000,              026,              026
FUTSTK    ,TATACONSUM,28/10/2021,00000809.95,00000835.95,00000805.35,00000822.25,000000012206700,     8743622692.50,         10616400,             7864,             7356
FUTSTK    ,TATACONSUM,25/11/2021,00000809.30,00000838.00,00000809.30,00000825.15,000000000241650,      260171932.50,           314550,              233,              231
FUTSTK    ,TATACONSUM,30/12/2021,00000819.00,00000839.20,00000819.00,00000839.20,000000000037800,       33622492.50,            40500,              030,              030
FUTSTK    ,TATAMOTORS,28/10/2021,00000348.40,00000349.65,00000335.10,00000336.25,000000092397000,    12949420740.00,         37979100,            13326,            11836
FUTSTK    ,TATAMOTORS,25/11/2021,00000350.15,00000350.65,00000336.50,00000337.35,000000002952600,      775055647.50,          2262900,              794,              781
FUTSTK    ,TATAMOTORS,30/12/2021,00000351.40,00000351.50,00000337.95,00000338.45,000000000433200,       75402165.00,           219450,              077,              076
FUTSTK    ,TATAPOWER ,28/10/2021,00000191.90,00000191.90,00000172.85,00000176.40,000000128243250,    17310724987.50,         97699500,            14474,            13115
FUTSTK    ,TATAPOWER ,25/11/2021,00000183.00,00000184.20,00000173.65,00000177.05,000000006237000,     1232646525.00,          6918750,             1025,              974
FUTSTK    ,TATAPOWER ,30/12/2021,00000183.00,00000183.50,00000175.00,00000177.45,000000000891000,      154116675.00,           864000,              128,              123
FUTSTK    ,TATASTEEL ,28/10/2021,00001323.50,00001334.40,00001273.00,00001280.25,000000046990550,    20952252352.50,         16116000,            18960,            17152
FUTSTK    ,TATASTEEL ,25/11/2021,00001333.55,00001338.35,00001279.00,00001283.95,000000001006400,      828724797.50,           636650,              749,              726
FUTSTK    ,TATASTEEL ,30/12/2021,00001337.50,00001339.00,00001285.00,00001289.00,000000000083300,       72178387.50,            55250,              065,              064
FUTSTK    ,TCS       ,28/10/2021,00003854.50,00003869.70,00003786.05,00003803.55,000000008484600,    12024820995.00,          3143100,            10477,             9327
FUTSTK    ,TCS       ,25/11/2021,00003859.05,00003871.80,00003801.95,00003817.80,000000000133200,      299459610.00,            78000,              260,              258
FUTSTK    ,TCS       ,30/12/2021,00003883.60,00003883.60,00003820.00,00003826.20,000000000020700,       24249615.00,             6300,              021,              021
FUTSTK    ,TECHM     ,28/10/2021,00001423.50,00001427.85,00001384.45,00001387.80,000000012035400,     5855853960.00,          4176000,             6960,             6200
FUTSTK    ,TECHM     ,25/11/2021,00001431.20,00001431.20,00001389.10,00001391.70,000000000253200,      149831250.00,           106800,              178,              172
FUTSTK    ,TECHM     ,30/12/2021,00001434.00,00001434.00,00001393.40,00001395.15,000000000013800,       15229140.00,            10800,              018,              018
FUTSTK    ,TITAN     ,28/10/2021,00002200.00,00002211.90,00002144.40,00002156.75,000000005604750,     4412996400.00,          2032875,             5421,             4906
FUTSTK    ,TITAN     ,25/11/2021,00002212.20,00002212.20,00002152.00,00002162.95,000000000109500,      204242250.00,            93750,              250,              233
FUTSTK    ,TITAN     ,30/12/2021,00002200.00,00002200.00,00002159.95,00002164.75,000000000005250,       10651725.00,             4875,              013,              013
FUTSTK    ,TORNTPHARM,28/10/2021,00003148.70,00003148.70,00003060.40,00003072.30,000000000642250,      391033750.00,           126250,              505,              466
FUTSTK    ,TORNTPHARM,25/11/2021,00003149.95,00003149.95,00003078.30,00003087.40,000000000003750,        7771150.00,             2500,              010,              010
FUTSTK    ,TORNTPOWER,28/10/2021,00000520.95,00000523.00,00000504.45,00000506.95,000000004036500,     1195160850.00,          2328000,             1552,             1363
FUTSTK    ,TORNTPOWER,25/11/2021,00000518.00,00000521.10,00000508.30,00000508.30,000000000072000,       15402150.00,            30000,              020,              020
FUTSTK    ,TRENT     ,28/10/2021,00001054.55,00001103.85,00001040.45,00001048.10,000000001632700,     2066567948.75,          1923425,             2653,             2521
FUTSTK    ,TRENT     ,25/11/2021,00001107.00,00001107.00,00001049.65,00001050.55,000000000052925,       37520961.25,            34800,              048,              048
FUTSTK    ,TRENT     ,30/12/2021,00001057.85,00001081.70,00001057.85,00001081.70,000000000001450,        5407521.25,             5075,              007,              005
FUTSTK    ,TVSMOTOR  ,28/10/2021,00000564.15,00000568.15,00000541.00,00000545.10,000000007491400,     2150048670.00,          3878000,             2770,             2604
FUTSTK    ,TVSMOTOR  ,25/11/2021,00000566.00,00000568.00,00000543.50,00000546.60,000000000351400,      103119730.00,           186200,              133,              133
FUTSTK    ,TVSMOTOR  ,30/12/2021,00000568.70,00000569.50,00000549.35,00000549.35,000000000043400,       14104440.00,            25200,              018,              018
FUTSTK    ,UBL       ,28/10/2021,00001622.10,00001622.10,00001580.10,00001587.75,000000001493100,     1466445400.00,           916300,             1309,             1100
FUTSTK    ,UBL       ,25/11/2021,00001630.00,00001630.00,00001594.00,00001596.60,000000000034300,       11236365.00,             7000,              010,              010
FUTSTK    ,UBL       ,30/12/2021,00001610.05,00001610.05,00001595.00,00001600.95,000000000007700,        8972075.00,             5600,              008,              008
FUTSTK    ,ULTRACEMCO,28/10/2021,00007517.65,00007561.15,00007370.60,00007383.40,000000001746900,     3314399450.00,           443400,             4434,             3897
FUTSTK    ,ULTRACEMCO,25/11/2021,00007516.00,00007587.00,00007400.10,00007409.50,000000000027000,       59979050.00,             8000,              080,              071
FUTSTK    ,ULTRACEMCO,30/12/2021,00007528.30,00007580.00,00007431.75,00007441.20,000000000001700,       10488355.00,             1400,              014,              014
FUTSTK    ,UPL       ,28/10/2021,00000719.50,00000747.80,00000719.00,00000729.90,000000026221000,    11058542430.00,         15041000,            11570,            10532
FUTSTK    ,UPL       ,25/11/2021,00000725.85,00000750.00,00000724.50,00000732.45,000000000599300,      477346935.00,           647400,              498,              473
FUTSTK    ,UPL       ,30/12/2021,00000741.00,00000751.60,00000733.45,00000733.45,000000000076700,       23208445.00,            31200,              024,              024
FUTSTK    ,VEDL      ,28/10/2021,00000305.10,00000308.05,00000289.40,00000291.20,000000113909500,     6753102000.00,         22626900,             7299,             6009
FUTSTK    ,VEDL      ,25/11/2021,00000305.30,00000308.95,00000290.60,00000291.95,000000001376400,      231604100.00,           775000,              250,              249
FUTSTK    ,VEDL      ,30/12/2021,00000308.00,00000309.40,00000292.00,00000292.75,000000000089900,       15658410.00,            52700,              017,              016
FUTSTK    ,VOLTAS    ,28/10/2021,00001259.55,00001272.00,00001226.00,00001230.80,000000002545000,     3059949300.00,          2446000,             4892,             4563
FUTSTK    ,VOLTAS    ,25/11/2021,00001261.00,00001274.00,00001230.00,00001234.50,000000000066000,       98342050.00,            78500,              157,              155
FUTSTK    ,VOLTAS    ,30/12/2021,00001260.00,00001260.00,00001235.00,00001235.00,000000000002500,        3125050.00,             2500,              005,              005
FUTSTK    ,WIPRO     ,28/10/2021,00000653.70,00000653.70,00000635.10,00000636.50,000000035436800,     5578404480.00,          8681600,             5426,             4970
FUTSTK    ,WIPRO     ,25/11/2021,00000652.85,00000653.90,00000637.40,00000638.45,000000000806400,      269060960.00,           417600,              261,              253
FUTSTK    ,WIPRO     ,30/12/2021,00000657.10,00000657.10,00000640.00,00000641.15,000000000091200,       65987920.00,           102400,              064,              058
FUTSTK    ,ZEEL      ,28/10/2021,00000300.50,00000308.25,00000292.80,00000295.35,000000048561000,     5391447000.00,         17988000,             5996,             5211
FUTSTK    ,ZEEL      ,25/11/2021,00000302.00,00000309.15,00000294.25,00000296.45,000000001263000,      246686550.00,           822000,              274,              267
FUTSTK    ,ZEEL      ,30/12/2021,00000302.70,00000306.70,00000296.00,00000296.75,000000000069000,       27052200.00,            90000,              030,              025
FUTIDX    ,BANKNIFTY ,28/10/2021,00037887.85,00038190.00,00037560.00,00037624.35,000000001898650,   155859410853.75,          4112650,           164506,           116122
FUTIDX    ,BANKNIFTY ,25/11/2021,00037999.05,00038310.00,00037700.00,00037748.45,000000000107300,     3969364310.00,           104375,             4175,             3198
FUTIDX    ,BANKNIFTY ,30/12/2021,00038070.95,00038440.00,00037825.90,00037871.80,000000000011700,      763046008.75,            20000,              800,              621
* - OPEN_INT as available in the trading system at the end of trading hours.                                                                                                                                                                                                                                                                                                                                                                                                                                        
