The top 10 futures contracts on individual securities traded are as under:                          
S No      ,Symbol    ,Exp Date  ,Traded Value (Rs.)  ,No of Contracts  
1         ,RELIANCE  ,30/09/2021,    22558803100.00,            35635
2         ,SBIN      ,28/10/2021,    24144400500.00,            35379
3         ,RELIANCE  ,28/10/2021,    21345161950.00,            33616
4         ,SBIN      ,30/09/2021,    22592769825.00,            33262
5         ,HDFCBANK  ,28/10/2021,    26117908960.00,            29657
6         ,INFY      ,28/10/2021,    26462188470.00,            26397
7         ,TATASTEEL ,28/10/2021,    27967610988.00,            25384
8         ,HDFCBANK  ,30/09/2021,    21784596240.00,            24797
9         ,TATASTEEL ,30/09/2021,    26798904593.00,            24414
10        ,TATAPOWER ,28/10/2021,    24262229363.00,            24018
The top ten contracts contributed to around  13% of the total traded volume in Futures on individual securities.RELIANCE was the most active future contracts on individual securities traded today with 69586 contracts and SBIN was the next most active futures contracts with 69158 contracts being traded.                                                                                                                                                                                                     
